"Response ID","Date submitted","Last page","Start language","Seed","Date started","Date last action","Your responses will remain completely anonymous and will be used solely for research purposes. No personal identifying information will be collected or shared. Participation is entirely voluntary, and your consent is sought before proceeding. By continuing, you confirm that you understand and agree to these terms.","By clicking ‘I agree’ below, you confirm you have read and understood the above and consent to take part in this survey.","Question: In its loss function YoloV3 uses logistic regression with multilabel classification or Softmax over all class probabilities? [YoloV3 uses logistic regression with multilabel classfication for its class predictions. Instead of a softmax function, which is typically used for multiclass classification. YoloV3 employs independent independent logistic classifiers for each class. This approach allows for more flexibility in handling multiple object classes within a single bounding box.]","Question: In its loss function YoloV3 uses logistic regression with multilabel classification or Softmax over all class probabilities? [YOLOv3 uses logistic regression with multilable classification. It employs independent logistic classifier for each class, rather than a softmax function. This approach is chosen because the authors found it to be sufficient for achieving good performance without the need for softmax normalization accross all classes. The loss function used is binary cross-entropy, suitable for multilabelclassification tasks]","Question: In its loss function YoloV3 uses logistic regression with multilabel classification or Softmax over all class probabilities? [In YoloV3, it does not use Softmax over all class probabilities. Instead, it uses independent logistic classifiers for multilabel classification, andduring training, it uses binary cross-entropy loss for the class predictions.:]","Question: In its loss function YoloV3 uses logistic regression with multilabel classification or Softmax over all class probabilities? [The authors use binary cross-entropy loss.:]","Question: In its loss function YoloV3 uses logistic regression with multilabel classification or Softmax over all class probabilities? [YOLOv3 uses logistic regression with multilabel classification in its loss function, rather than softmax over all class probabilities. This approachinvolves using independent logistic classifiers for each class prediction, and binary cross-entropy loss is used during training.]","Question: In its loss function YoloV3 uses logistic regression with multilabel classification or Softmax over all class probabilities? [Based on the provided context, YOLOv3 does not use softmax for multiclass classification. Instead, it uses independent logistic classifiers for eachclass, which is a type of binary classification. This is because the authors found that softmax is unnecessary for good performance. Therefore,YOLOv3 uses logistic regression with multilabel classification, not softmax over all class probabilities.:]","Question: In its loss function YoloV3 uses logistic regression with multilabel classification or Softmax over all class probabilities? [According to the context, YoloV3 uses logistic regression with multilabel classification, but not softmax over all class probabilities. Instead ofsoftmax, independent logistic classifiers are used to predict the classes the bounding box may contain. This approach has been found to achievegood performance without the need for softmax. The binary cross-entropy loss is used during training for the class predictions.:]","Question: When defining the reading comprehension task, the authors explain that they wish to estimate p(a|c, q). What would a model trained on this task do if the context ""c"" itself had factually incorrect information? [A model trained on p(a ｜ c, q) would likely produce an answer ""a"" that is consistent with the factually incorrect information presented incontext ""c"". The model learns to predict the answer based on the relationships between the query ""q"" and the provided context, regardless ofwhether the context itself is accurate. This highlights the importance of evaluating reading comprehension models on datasets with factuallycorrect information to assess their true understanding. ]","Question: When defining the reading comprehension task, the authors explain that they wish to estimate p(a|c, q). What would a model trained on this task do if the context ""c"" itself had factually incorrect information? [If a model trained on the reading comprehension task is given a context ""c"" with factually incorrect information, it would still attempt toestimate the conditional probability p(a ｜ c, q) based on the given context and query. However, the accuracy of the model\\'s predictions maybe compromised due to the incorrect information in the context. The model\\'s core capability to detect and understand linguisticrelationships between entities in the context document would still be tested, but the reliability of the answers generated might be affected by the inaccuracies in the context.]","Question: When defining the reading comprehension task, the authors explain that they wish to estimate p(a|c, q). What would a model trained on this task do if the context ""c"" itself had factually incorrect information? [   	 	 	 	  If a model trained on this task encounters a context ""c"" with factually incorrect information, it would likely struggle to provide an accurateanswer ""a"" because it would be relying solely on the linguistic relationships between entities in the context document, without consideringexternal knowledge or co-occurrence statistics. In this case, the model\\'s ability to detect and understand the linguistic relationships betweenentities would be limited by the inaccuracies in the context document, leading to potentially incorrect or misleading answers ]","Question: When defining the reading comprehension task, the authors explain that they wish to estimate p(a|c, q). What would a model trained on this task do if the context ""c"" itself had factually incorrect information? [A model trained on the reading comprehension task as defined by the authors, with the goal of estimating p(a ｜ c, q), would attempt to find the answer \\'a\\' to the query \\'q\\' based on the information provided in the context \\'c\\'. However, if the context ""c"" contains factuallyincorrect information, the model would still generate an answer based on that incorrect information, as it is not designed to verify theaccuracy of the context. The model\\'s performance in such cases would depend on how well it has learned to understand the linguisticrelationships between entities in the context document, regardless of the factual accuracy of the context.]","Question: When defining the reading comprehension task, the authors explain that they wish to estimate p(a|c, q). What would a model trained on this task do if the context ""c"" itself had factually incorrect information? [   	 	 	 	  The authors are training a reading comprehension model. Therefore, if the context “c” has incorrect information, the model is likely to answerbased on the factually incorrect information itself. The authors clearly explain that the task their model is being built for and evaluated on is ofidentifying answers from a given text (i.e. comprehension) and not knowledge of global correctness.]","Question: When defining the reading comprehension task, the authors explain that they wish to estimate p(a|c, q). What would a model trained on this task do if the context ""c"" itself had factually incorrect information? [A model trained on this task would likely produce an answer ""a"" that is conditioned on the incorrect information present in the context ""c"", asit is designed to estimate the conditional probability p(a ｜ c, q). This means that the model would not have the ability to correct the factualerrors in the context, but rather would provide an answer based on the incorrect information. This could lead to an incorrect answer, even ifthe model has correctly understood the linguistic relationships between entities in the context document. The model's    	 	 	 	  performance wouldbe influenced by the quality of the context document, and it would not be able to distinguish between correct and incorrect information.]","Question: When defining the reading comprehension task, the authors explain that they wish to estimate p(a|c, q). What would a model trained on this task do if the context ""c"" itself had factually incorrect information? [   	 	 	 	  A model trained on this task would likely reflect the inaccuracies present in the context ""c"". Since the model is designed to estimate theprobability of an answer (a) given a context (c) and a query (q), it would base its response on the information provided in ""c"", even if thatinformation is factually incorrect. The model doesn't have the capacity to fact-check or verify the information in the context.]","Question: What baselines did they compare their model with? [The passage states that the baseline approach they are comparing their model against is based on BIBREF20. This baseline utilizes asequence-to-sequence model with attention for path generation (similar to BIBREF23 and BIBREF6) and depth-first search for pathverification]","Question: What baselines did they compare their model with? [Based on the provided context, the baseline approach is compared with BIBREF20, BIBREF23, and BIBREF6.:]","Question: What baselines did they compare their model with? [The context does not provide specific information about which models were compared with the baseline approach. However, it mentionsthat the baseline approach is similar to BIBREF23 and BIBREF6.]","Question: What baselines did they compare their model with? [The baseline where path generation uses a standard sequence-to-sequence model augmented with attention mechanism and pathverification uses depth-first search.]","Question: What baselines did they compare their model with? [The model was compared with baselines that use a standard sequence-to-sequence model augmented with an attention mechanism,specifically BIBREF23 and BIBREF6, in the path generation step. For the path verification step, no specific baseline was mentioned, but theyused a depth-first search to find a route in the graph that matches the sequence of predicted behaviors.:]","Question: What baselines did they compare their model with? [The context states that the baseline approach is based on BIBREF20 and uses elements from BIBREF23 and BIBREF6. Therefore, the modelwas likely compared to BIBREF20, BIBREF23, and BIBREF6.:]","Question: What baselines did they compare their model with? [The baseline approach compared their model with BIBREF20, BIBREF23, and BIBREF6. These baselines are standard sequence-to-sequencemodels augmented with an attention mechanism, which are commonly used for path generation in behavioral navigation tasks. Thebaseline approach builds upon these models and adds a path verification step using depth-first search to ensure the generated path isvalid.:]","Question: What datasets are used for training/testing models? [The datasets used for training, validating, and testing models in this context are the movie, taxi, and restaurant domains from theMicrosoft Research (MSR) dataset. The specific splits for training, validation, and testing are not explicitly mentioned in the providedcontext, but it's assumed that the standard practice of using a portion of the data for training, another for validation, and the rest fortesting is followed.:]","Question: What datasets are used for training/testing models? [The experiment utilizes the dataset from Microsoft Research (MSR) which encompasses three domains\: movie, taxi, and restaurant. Thisdataset is split into training, validation, and testing sets, with the specific counts for each domain detailed in Table TABREF11. The MSRdataset is used for both training and testing the models.:]","Question: What datasets are used for training/testing models? [The experiment dataset used for training and testing models comes from Microsoft Research (MSR) and consists of three domains\:movie, taxi, and restaurant. The dataset is split into training, validation, and testing sets, with the exact count of dialogues per domain andsplit reported in Table TABREF11. The dataset provides annotated agent acts, which are used as targets in the experiment, and alsoincludes information about the state at each turn obtained from MSR's dialogue management code and knowledge base.]","Question: What datasets are used for training/testing models? [The dataset used for training and testing models is the Microsoft Research (MSR) dataset, which contains three domains\: movie, taxi, andrestaurant. The dataset is split into train, valid, and test sets, with the exact counts of dialogues per domain and split reported in TableTABREF11.:]","Question: What datasets are used for training/testing models? [The datasets used for training and testing models are from Microsoft Research (MSR). They contain three domains\: movie, taxi, andrestaurant. The dataset is divided into train, valid, and test splits, with the total count of dialogues per domain and split reported in TableTABREF11. The agent side acts are used as targets in the experiment.:]","Question: What datasets are used for training/testing models? [The models are trained and tested on the Microsoft Research (MSR) dataset. This dataset consists of three domains\: movie, taxi, andrestaurant. The dataset is split into train, validation, and test sets, with the specific counts provided in Table TABREF11.:]","Question: What datasets are used for training/testing models? [Microsoft Research dataset containing movie, taxi and restaurant domains.:]","Question: What kind of educational programs against smokeless tobacco are effective? [While the provided text focuses on countermarketing efforts against youth smoking, it doesn't specifically address smokeless tobacco orthe effectiveness of educational programs targeting it. To find information on effective programs against smokeless tobacco, you wouldneed to consult sources that specifically address that topic]","Question: What kind of educational programs against smokeless tobacco are effective? [Effective educational programs against smokeless tobacco often include comprehensive approaches that combine awareness campaigns,school-based interventions, and community engagement. These programs should focus on the health consequences of smokeless tobaccouse, industry manipulation, and the social and economic impacts. Additionally, incorporating qualitative approaches and laboratoryexperiments to explore various messages can help tailor the programs to the target audience. Future research is needed to fill gaps in ourexisting knowledge and to develop innovative, non-traditional approaches to countermarketing aimed at youth]","Question: What kind of educational programs against smokeless tobacco are effective? [While the provided text focuses on countermarketing efforts against youth smoking, it doesn't delve into the specifics of effectiveeducational programs against smokeless tobacco. To answer your question, further research on smokeless tobacco countermarketingstrategies, including educational programs, would be needed]","Question: What kind of educational programs against smokeless tobacco are effective? [Based on the context, it seems that the paper is focused on countermarketing efforts against smoking, rather than smokeless tobacco.Therefore, the question is not directly addressed in the provided context. However, if we were to extend the context to include smokelesstobacco, it can be inferred that the paper does not specifically discuss educational programs against smokeless tobacco]","Question: What kind of educational programs against smokeless tobacco are effective? [Effective educational programs against smokeless tobacco often include comprehensive countermarketing campaigns that focus on thehealth consequences of tobacco use and industry manipulation tactics. These programs can be enhanced by using qualitative approachesand laboratory experiments to tailor messages that resonate with youth. Additionally, incorporating newer, non-traditional approaches,such as social media campaigns and interactive digital content, can also be effective. Future research is needed to identify and fill gaps inour understanding of the most impactful strategies.]","Question: What kind of educational programs against smokeless tobacco are effective? [The paper does not specifically discuss the effectiveness of educational programs against smokeless tobacco. However, it does emphasizethe effectiveness of countermarketing efforts against traditional tobacco products, such as cigarettes. The paper suggests that campaignsfocusing on health consequences, industry manipulation, and non-traditional approaches may be effective. To answer your question moreaccurately, further research is needed to determine the effectiveness of educational programs specifically targeting smokeless tobacco]","Question: What kind of educational programs against smokeless tobacco are effective? [Based on the context, it can be inferred that effective educational programs against smokeless tobacco would likely involvecountermarketing campaigns that highlight the health consequences of tobacco use and expose industry manipulation. Qualitativeapproaches and laboratory experiments have shown that these types of messages can be effective in curbing youth smoking. Non-traditional approaches to countermarketing may also be effective, although more research is needed to fill gaps in our existing knowledge.Overall, a comprehensive approach that incorporates multiple strategies is likely to be the most effective in reducing smokeless tobaccouse among youth]"
"18","2025-08-14 12:56:39","1","en","253027308","2025-08-14 12:50:00","2025-08-14 12:56:39","","I agree","5","4","5","1","5","5","5","5","4","2","5","5","5","5","5","3","2","4","4","3","3","4","5","5","5","5","5","3","5","2","5","5","2","5","3"
"20",,,"en","135552637","2025-08-19 20:51:39","2025-08-19 20:51:39",,,"","","","","","","","","","","","","","","","","","","","","","","","","","","","","","","","","","",""
"21",,,"en","3394715","2025-08-20 16:35:48","2025-08-20 16:35:48",,,"","","","","","","","","","","","","","","","","","","","","","","","","","","","","","","","","","",""
"22",,,"en","1421376131","2025-08-20 16:41:10","2025-08-20 16:41:10",,,"","","","","","","","","","","","","","","","","","","","","","","","","","","","","","","","","","",""
"23",,,"en","13327083","2025-08-20 16:43:31","2025-08-20 16:43:31",,,"","","","","","","","","","","","","","","","","","","","","","","","","","","","","","","","","","",""
"24",,,"en","615989544","2025-08-20 17:23:42","2025-08-20 17:23:42",,,"","","","","","","","","","","","","","","","","","","","","","","","","","","","","","","","","","",""
"25","2025-08-21 11:38:49","1","en","1941412170","2025-08-21 11:32:48","2025-08-21 11:38:49","","I agree","1","1","1","1","1","1","1","2","2","3","3","2","4","5","4","5","5","4","4","4","3","4","2","2","2","2","3","3","2","2","2","2","2","2","2"
"26",,,"en","2115492704","2025-08-21 18:14:22","2025-08-21 18:14:22",,,"","","","","","","","","","","","","","","","","","","","","","","","","","","","","","","","","","",""
"27",,,"en","1754687871","2025-08-21 18:44:57","2025-08-21 18:44:57",,,"","","","","","","","","","","","","","","","","","","","","","","","","","","","","","","","","","",""
"28",,,"en","1335634051","2025-08-22 13:35:49","2025-08-22 13:35:49",,,"","","","","","","","","","","","","","","","","","","","","","","","","","","","","","","","","","",""
"29","2025-08-25 10:53:45","1","en","120976699","2025-08-25 10:44:06","2025-08-25 10:53:45","","I agree","3","4","3","3","3","3","2","4","3","3","5","5","2","4","4","4","4","4","4","3","3","5","3","2","4","4","4","4","4","4","4","4","4","4","5"
"30","2025-08-25 10:53:32","1","en","1589219295","2025-08-25 10:48:20","2025-08-25 10:53:32","","I agree","5","5","5","5","5","4","5","4","4","5","5","4","4","5","3","4","5","4","5","5","4","4","5","4","5","4","5","4","4","3","4","4","4","5","4"
"31",,,"en","276027238","2025-08-25 11:14:12","2025-08-25 11:14:12",,,"","","","","","","","","","","","","","","","","","","","","","","","","","","","","","","","","","",""
"32",,,"en","619968412","2025-08-25 11:20:26","2025-08-25 11:20:26",,,"","","","","","","","","","","","","","","","","","","","","","","","","","","","","","","","","","",""
"33",,,"en","1013881865","2025-08-25 11:44:04","2025-08-25 11:44:04",,,"","","","","","","","","","","","","","","","","","","","","","","","","","","","","","","","","","",""
"34",,,"en","374348848","2025-08-25 12:21:57","2025-08-25 12:21:57",,,"","","","","","","","","","","","","","","","","","","","","","","","","","","","","","","","","","",""
"35",,,"en","2043783967","2025-08-25 13:40:06","2025-08-25 13:40:06",,,"","","","","","","","","","","","","","","","","","","","","","","","","","","","","","","","","","",""
"36",,,"en","1762972171","2025-08-25 14:39:09","2025-08-25 14:39:09",,,"","","","","","","","","","","","","","","","","","","","","","","","","","","","","","","","","","",""
"37",,,"en","1408553237","2025-08-25 22:04:36","2025-08-25 22:04:36",,,"","","","","","","","","","","","","","","","","","","","","","","","","","","","","","","","","","",""
"38",,,"en","700890181","2025-08-26 16:53:21","2025-08-26 16:53:21",,,"","","","","","","","","","","","","","","","","","","","","","","","","","","","","","","","","","",""
"39","2025-08-27 06:59:55","1","en","1841728871","2025-08-27 06:57:34","2025-08-27 06:59:55","","I agree","1","1","1","1","1","1","1","1","1","1","4","2","2","4","3","2","1","3","3","3","3","3","4","4","2","2","4","2","1","1","1","2","4","3","1"
"40","2025-08-28 10:59:55","1","en","744351558","2025-08-28 10:52:17","2025-08-28 10:59:55","","I agree","4","4","5","4","5","4","4","4","4","5","4","4","4","4","4","4","5","4","4","4","4","4","5","3","4","4","4","5","4","4","4","5","4","4","4"
"41","2025-08-28 10:58:12","1","en","2111818157","2025-08-28 10:55:37","2025-08-28 10:58:12","","I agree","5","4","5","4","4","4","5","5","5","4","4","5","5","5","5","4","4","5","4","4","4","4","4","4","4","4","4","4","4","5","4","4","5","4","4"
"42","2025-08-28 11:04:44","1","en","706084593","2025-08-28 11:03:00","2025-08-28 11:04:44","","I agree","5","5","5","5","5","5","5","5","5","5","5","5","5","5","5","5","5","5","5","5","5","5","5","5","5","5","5","5","5","5","5","5","5","5","5"
"43","2025-08-28 15:21:52","1","en","1030081758","2025-08-28 11:07:36","2025-08-28 15:21:52","","I agree","5","4","3","3","2","2","5","5","4","2","5","5","3","5","5","2","3","4","2","4","3","2","3","4","3","4","4","4","2","2","2","3","2","2","5"
"44","2025-08-28 12:20:35","1","en","1014621300","2025-08-28 12:16:35","2025-08-28 12:20:35","","I agree","4","3","5","4","5","3","5","4","5","4","5","5","5","4","4","5","4","5","4","5","4","4","4","5","4","3","4","4","5","4","5","5","4","4","4"
"45","2025-08-28 13:10:20","1","en","1572249572","2025-08-28 13:06:42","2025-08-28 13:10:20","","I agree","3","4","4","4","4","4","5","4","4","4","5","4","5","5","4","4","5","5","5","5","4","5","4","5","5","5","5","5","5","5","5","4","5","5","5"
